food_id,food_name,servings,calories,protein,carbs,fat,fiber
3,Paneer curry,1.22,268.4,14.64,9.76,19.52,1.22
5,Dal (lentils),4.14,621.0,37.26,74.52,16.56,20.7
10,Idli (2 pcs),2.28,341.99999999999994,9.12,68.39999999999999,4.56,2.28
